# phase,shallow,deep,slope,intercept,sigma,n
5,2,4,1.077829,0.630157,5.452693,693
5,3,6,1.328728,-0.725060,10.094644,693
5,4,8,1.517716,2.159316,13.930278,692
6,2,4,0.504679,-1.464876,6.951943,694
6,3,6,1.089979,-0.804010,6.617637,693
6,4,8,1.372722,1.647986,9.544919,651
7,2,4,1.082120,-0.108532,8.464439,708
7,3,6,0.557877,1.036413,6.520341,702
7,4,8,0.569338,-1.751146,7.713431,475
8,2,4,1.338367,2.644281,8.137131,944
8,3,6,1.174296,7.333237,8.471824,855
8,4,8,0.614811,-1.395145,7.022427,262
9,2,4,0.883438,-0.843543,6.450866,1223
9,3,6,1.410480,6.489542,8.101429,988
9,4,8,1.418169,4.105911,9.691740,98
10,2,4,1.043524,0.985389,5.770761,898
10,3,6,0.986749,8.424290,6.815575,622
10,4,8,1.459972,-0.943627,11.148716,34
11,2,4,1.145023,0.521092,5.359955,767
11,3,6,1.111658,6.944206,5.689127,421
12,2,4,1.001452,1.532681,3.446044,740
12,3,6,1.112291,7.477911,4.817496,352
13,2,4,1.219556,-2.284290,2.240850,1464
13,3,6,0.771565,6.352467,2.911641,711
